Workbook

Sheet KPI Summary
A1: FormWise Monthly KPI Report
A2: Made-up company, simulated data. Change the yellow cell to see another month.
A4: Report month | B4: 2026-06 | C4: pick a month from the list
A5: Row in Monthly | B5: =MATCH($B$4,Monthly!$A$2:$A$19,0) -> 18
A7: KPI | B7: This month | C7: Prior month | D7: Change vs prior | E7: Same month last year | F7: Change vs last year
A8: Visitors | B8: =INDEX(Monthly!$B$2:$B$19,$B$5) -> 12189 | C8: =IF($B$5>1,INDEX(Monthly!$B$2:$B$19,$B$5-1),"n/a") -> 11899 | D8: =IF(ISNUMBER(C8),IFERROR(B8/C8-1,0),"n/a") -> 0.024371796 | E8: =IF($B$5>12,INDEX(Monthly!$B$2:$B$19,$B$5-12),"n/a") -> 8895 | F8: =IF(ISNUMBER(E8),IFERROR(B8/E8-1,0),"n/a") -> 0.3703204
A9: Purchases (new subscriptions) | B9: =INDEX(Monthly!$C$2:$C$19,$B$5) -> 598 | C9: =IF($B$5>1,INDEX(Monthly!$C$2:$C$19,$B$5-1),"n/a") -> 602 | D9: =IF(ISNUMBER(C9),IFERROR(B9/C9-1,0),"n/a") -> -0.0066445183 | E9: =IF($B$5>12,INDEX(Monthly!$C$2:$C$19,$B$5-12),"n/a") -> 393 | F9: =IF(ISNUMBER(E9),IFERROR(B9/E9-1,0),"n/a") -> 0.5216285
A10: Visit to purchase conversion | B10: =INDEX(Monthly!$D$2:$D$19,$B$5) -> 0.049060628 | C10: =IF($B$5>1,INDEX(Monthly!$D$2:$D$19,$B$5-1),"n/a") -> 0.050592487 | D10: =IF(ISNUMBER(C10),(B10-C10)*100,"n/a") -> -0.15318583 | E10: =IF($B$5>12,INDEX(Monthly!$D$2:$D$19,$B$5-12),"n/a") -> 0.044182125 | F10: =IF(ISNUMBER(E10),(B10-E10)*100,"n/a") -> 0.48785036
A11: New subscription revenue | B11: =INDEX(Monthly!$E$2:$E$19,$B$5) -> 36768.72 | C11: =IF($B$5>1,INDEX(Monthly!$E$2:$E$19,$B$5-1),"n/a") -> 38270.04 | D11: =IF(ISNUMBER(C11),IFERROR(B11/C11-1,0),"n/a") -> -0.039229643 | E11: =IF($B$5>12,INDEX(Monthly!$E$2:$E$19,$B$5-12),"n/a") -> 23708.34 | F11: =IF(ISNUMBER(E11),IFERROR(B11/E11-1,0),"n/a") -> 0.55087703
A12: Renewal revenue | B12: =INDEX(Monthly!$F$2:$F$19,$B$5) -> 74750.01 | C12: =IF($B$5>1,INDEX(Monthly!$F$2:$F$19,$B$5-1),"n/a") -> 73037.19 | D12: =IF(ISNUMBER(C12),IFERROR(B12/C12-1,0),"n/a") -> 0.02345134 | E12: =IF($B$5>12,INDEX(Monthly!$F$2:$F$19,$B$5-12),"n/a") -> 22274.43 | F12: =IF(ISNUMBER(E12),IFERROR(B12/E12-1,0),"n/a") -> 2.3558663
A13: Total revenue | B13: =INDEX(Monthly!$G$2:$G$19,$B$5) -> 111518.73 | C13: =IF($B$5>1,INDEX(Monthly!$G$2:$G$19,$B$5-1),"n/a") -> 111307.23 | D13: =IF(ISNUMBER(C13),IFERROR(B13/C13-1,0),"n/a") -> 0.0019001461 | E13: =IF($B$5>12,INDEX(Monthly!$G$2:$G$19,$B$5-12),"n/a") -> 45982.77 | F13: =IF(ISNUMBER(E13),IFERROR(B13/E13-1,0),"n/a") -> 1.4252286
A14: Active subscribers (end of month) | B14: =INDEX(Monthly!$I$2:$I$19,$B$5) -> 4966 | C14: =IF($B$5>1,INDEX(Monthly!$I$2:$I$19,$B$5-1),"n/a") -> 4709 | D14: =IF(ISNUMBER(C14),IFERROR(B14/C14-1,0),"n/a") -> 0.054576343 | E14: =IF($B$5>12,INDEX(Monthly!$I$2:$I$19,$B$5-12),"n/a") -> 1723 | F14: =IF(ISNUMBER(E14),IFERROR(B14/E14-1,0),"n/a") -> 1.8821822
A16: Conversion by channel and device (selected month)
A17: Channel | B17: desktop conv. | C17: mobile conv. | D17: tablet conv. | E17: Visitors | F17: Purchases | G17: All devices conv. | H17: New revenue
A18: direct | B18: =IFERROR(SUMIFS(Data!$E$2:$E$325,Data!$A$2:$A$325,$B$4,Data!$B$2:$B$325,$A18,Data!$C$2:$C$325,"desktop")/SUMIFS(Data!$D$2:$D$325,Data!$A$2:$A$325,$B$4,Data!$B$2:$B$325,$A18,Data!$C$2:$C$325,"desktop"),0) -> 0.075675676 | C18: =IFERROR(SUMIFS(Data!$E$2:$E$325,Data!$A$2:$A$325,$B$4,Data!$B$2:$B$325,$A18,Data!$C$2:$C$325,"mobile")/SUMIFS(Data!$D$2:$D$325,Data!$A$2:$A$325,$B$4,Data!$B$2:$B$325,$A18,Data!$C$2:$C$325,"mobile"),0) -> 0.021419009 | D18: =IFERROR(SUMIFS(Data!$E$2:$E$325,Data!$A$2:$A$325,$B$4,Data!$B$2:$B$325,$A18,Data!$C$2:$C$325,"tablet")/SUMIFS(Data!$D$2:$D$325,Data!$A$2:$A$325,$B$4,Data!$B$2:$B$325,$A18,Data!$C$2:$C$325,"tablet"),0) -> 0.051282051 | E18: =SUMIFS(Data!$D$2:$D$325,Data!$A$2:$A$325,$B$4,Data!$B$2:$B$325,$A18) -> 1828 | F18: =SUMIFS(Data!$E$2:$E$325,Data!$A$2:$A$325,$B$4,Data!$B$2:$B$325,$A18) -> 94 | G18: =IFERROR(F18/E18,0) -> 0.051422319 | H18: =SUMIFS(Data!$F$2:$F$325,Data!$A$2:$A$325,$B$4,Data!$B$2:$B$325,$A18) -> 6162.33
A19: email | B19: =IFERROR(SUMIFS(Data!$E$2:$E$325,Data!$A$2:$A$325,$B$4,Data!$B$2:$B$325,$A19,Data!$C$2:$C$325,"desktop")/SUMIFS(Data!$D$2:$D$325,Data!$A$2:$A$325,$B$4,Data!$B$2:$B$325,$A19,Data!$C$2:$C$325,"desktop"),0) -> 0.081799591 | C19: =IFERROR(SUMIFS(Data!$E$2:$E$325,Data!$A$2:$A$325,$B$4,Data!$B$2:$B$325,$A19,Data!$C$2:$C$325,"mobile")/SUMIFS(Data!$D$2:$D$325,Data!$A$2:$A$325,$B$4,Data!$B$2:$B$325,$A19,Data!$C$2:$C$325,"mobile"),0) -> 0.025641026 | D19: =IFERROR(SUMIFS(Data!$E$2:$E$325,Data!$A$2:$A$325,$B$4,Data!$B$2:$B$325,$A19,Data!$C$2:$C$325,"tablet")/SUMIFS(Data!$D$2:$D$325,Data!$A$2:$A$325,$B$4,Data!$B$2:$B$325,$A19,Data!$C$2:$C$325,"tablet"),0) -> 0.082191781 | E19: =SUMIFS(Data!$D$2:$D$325,Data!$A$2:$A$325,$B$4,Data!$B$2:$B$325,$A19) -> 952 | F19: =SUMIFS(Data!$E$2:$E$325,Data!$A$2:$A$325,$B$4,Data!$B$2:$B$325,$A19) -> 56 | G19: =IFERROR(F19/E19,0) -> 0.058823529 | H19: =SUMIFS(Data!$F$2:$F$325,Data!$A$2:$A$325,$B$4,Data!$B$2:$B$325,$A19) -> 3413.13
A20: organic_search | B20: =IFERROR(SUMIFS(Data!$E$2:$E$325,Data!$A$2:$A$325,$B$4,Data!$B$2:$B$325,$A20,Data!$C$2:$C$325,"desktop")/SUMIFS(Data!$D$2:$D$325,Data!$A$2:$A$325,$B$4,Data!$B$2:$B$325,$A20,Data!$C$2:$C$325,"desktop"),0) -> 0.063348416 | C20: =IFERROR(SUMIFS(Data!$E$2:$E$325,Data!$A$2:$A$325,$B$4,Data!$B$2:$B$325,$A20,Data!$C$2:$C$325,"mobile")/SUMIFS(Data!$D$2:$D$325,Data!$A$2:$A$325,$B$4,Data!$B$2:$B$325,$A20,Data!$C$2:$C$325,"mobile"),0) -> 0.025931929 | D20: =IFERROR(SUMIFS(Data!$E$2:$E$325,Data!$A$2:$A$325,$B$4,Data!$B$2:$B$325,$A20,Data!$C$2:$C$325,"tablet")/SUMIFS(Data!$D$2:$D$325,Data!$A$2:$A$325,$B$4,Data!$B$2:$B$325,$A20,Data!$C$2:$C$325,"tablet"),0) -> 0.037151703 | E20: =SUMIFS(Data!$D$2:$D$325,Data!$A$2:$A$325,$B$4,Data!$B$2:$B$325,$A20) -> 4605 | F20: =SUMIFS(Data!$E$2:$E$325,Data!$A$2:$A$325,$B$4,Data!$B$2:$B$325,$A20) -> 214 | G20: =IFERROR(F20/E20,0) -> 0.046471227 | H20: =SUMIFS(Data!$F$2:$F$325,Data!$A$2:$A$325,$B$4,Data!$B$2:$B$325,$A20) -> 12693.72
A21: paid_search | B21: =IFERROR(SUMIFS(Data!$E$2:$E$325,Data!$A$2:$A$325,$B$4,Data!$B$2:$B$325,$A21,Data!$C$2:$C$325,"desktop")/SUMIFS(Data!$D$2:$D$325,Data!$A$2:$A$325,$B$4,Data!$B$2:$B$325,$A21,Data!$C$2:$C$325,"desktop"),0) -> 0.077188146 | C21: =IFERROR(SUMIFS(Data!$E$2:$E$325,Data!$A$2:$A$325,$B$4,Data!$B$2:$B$325,$A21,Data!$C$2:$C$325,"mobile")/SUMIFS(Data!$D$2:$D$325,Data!$A$2:$A$325,$B$4,Data!$B$2:$B$325,$A21,Data!$C$2:$C$325,"mobile"),0) -> 0.029384757 | D21: =IFERROR(SUMIFS(Data!$E$2:$E$325,Data!$A$2:$A$325,$B$4,Data!$B$2:$B$325,$A21,Data!$C$2:$C$325,"tablet")/SUMIFS(Data!$D$2:$D$325,Data!$A$2:$A$325,$B$4,Data!$B$2:$B$325,$A21,Data!$C$2:$C$325,"tablet"),0) -> 0.082278481 | E21: =SUMIFS(Data!$D$2:$D$325,Data!$A$2:$A$325,$B$4,Data!$B$2:$B$325,$A21) -> 2698 | F21: =SUMIFS(Data!$E$2:$E$325,Data!$A$2:$A$325,$B$4,Data!$B$2:$B$325,$A21) -> 157 | G21: =IFERROR(F21/E21,0) -> 0.058191253 | H21: =SUMIFS(Data!$F$2:$F$325,Data!$A$2:$A$325,$B$4,Data!$B$2:$B$325,$A21) -> 9687.72
A22: referral | B22: =IFERROR(SUMIFS(Data!$E$2:$E$325,Data!$A$2:$A$325,$B$4,Data!$B$2:$B$325,$A22,Data!$C$2:$C$325,"desktop")/SUMIFS(Data!$D$2:$D$325,Data!$A$2:$A$325,$B$4,Data!$B$2:$B$325,$A22,Data!$C$2:$C$325,"desktop"),0) -> 0.056213018 | C22: =IFERROR(SUMIFS(Data!$E$2:$E$325,Data!$A$2:$A$325,$B$4,Data!$B$2:$B$325,$A22,Data!$C$2:$C$325,"mobile")/SUMIFS(Data!$D$2:$D$325,Data!$A$2:$A$325,$B$4,Data!$B$2:$B$325,$A22,Data!$C$2:$C$325,"mobile"),0) -> 0.02734375 | D22: =IFERROR(SUMIFS(Data!$E$2:$E$325,Data!$A$2:$A$325,$B$4,Data!$B$2:$B$325,$A22,Data!$C$2:$C$325,"tablet")/SUMIFS(Data!$D$2:$D$325,Data!$A$2:$A$325,$B$4,Data!$B$2:$B$325,$A22,Data!$C$2:$C$325,"tablet"),0) -> 0.075 | E22: =SUMIFS(Data!$D$2:$D$325,Data!$A$2:$A$325,$B$4,Data!$B$2:$B$325,$A22) -> 634 | F22: =SUMIFS(Data!$E$2:$E$325,Data!$A$2:$A$325,$B$4,Data!$B$2:$B$325,$A22) -> 29 | G22: =IFERROR(F22/E22,0) -> 0.045741325 | H22: =SUMIFS(Data!$F$2:$F$325,Data!$A$2:$A$325,$B$4,Data!$B$2:$B$325,$A22) -> 1774.5
A23: social | B23: =IFERROR(SUMIFS(Data!$E$2:$E$325,Data!$A$2:$A$325,$B$4,Data!$B$2:$B$325,$A23,Data!$C$2:$C$325,"desktop")/SUMIFS(Data!$D$2:$D$325,Data!$A$2:$A$325,$B$4,Data!$B$2:$B$325,$A23,Data!$C$2:$C$325,"desktop"),0) -> 0.050067659 | C23: =IFERROR(SUMIFS(Data!$E$2:$E$325,Data!$A$2:$A$325,$B$4,Data!$B$2:$B$325,$A23,Data!$C$2:$C$325,"mobile")/SUMIFS(Data!$D$2:$D$325,Data!$A$2:$A$325,$B$4,Data!$B$2:$B$325,$A23,Data!$C$2:$C$325,"mobile"),0) -> 0.0144 | D23: =IFERROR(SUMIFS(Data!$E$2:$E$325,Data!$A$2:$A$325,$B$4,Data!$B$2:$B$325,$A23,Data!$C$2:$C$325,"tablet")/SUMIFS(Data!$D$2:$D$325,Data!$A$2:$A$325,$B$4,Data!$B$2:$B$325,$A23,Data!$C$2:$C$325,"tablet"),0) -> 0.018518519 | E23: =SUMIFS(Data!$D$2:$D$325,Data!$A$2:$A$325,$B$4,Data!$B$2:$B$325,$A23) -> 1472 | F23: =SUMIFS(Data!$E$2:$E$325,Data!$A$2:$A$325,$B$4,Data!$B$2:$B$325,$A23) -> 48 | G23: =IFERROR(F23/E23,0) -> 0.032608696 | H23: =SUMIFS(Data!$F$2:$F$325,Data!$A$2:$A$325,$B$4,Data!$B$2:$B$325,$A23) -> 3037.32
A24: Total | E24: =SUM(E18:E23) -> 12189 | F24: =SUM(F18:F23) -> 598 | G24: =IFERROR(F24/E24,0) -> 0.049060628 | H24: =SUM(H18:H23) -> 36768.72
A25: Check: total visitors match KPI table | E25: =IF(E24=B8,"OK","MISMATCH") -> OK

Sheet Data
A1: month | B1: channel | C1: device | D1: visitors | E1: purchases | F1: new_revenue
A2: 2025-01 | B2: direct | C2: desktop | D2: 579 | E2: 29 | F2: 1495.05
A3: 2025-01 | B3: direct | C3: mobile | D3: 510 | E3: 16 | F3: 1198.74
A4: 2025-01 | B4: direct | C4: tablet | D4: 75 | E4: 2 | F4: 79.98
A5: 2025-01 | B5: email | C5: desktop | D5: 327 | E5: 21 | F5: 1510.47
A6: 2025-01 | B6: email | C6: mobile | D6: 251 | E6: 7 | F6: 391.71
A7: 2025-01 | B7: email | C7: tablet | D7: 42 | E7: 4 | F7: 271.74
A8: 2025-01 | B8: organic_search | C8: desktop | D8: 1555 | E8: 107 | F8: 7017.54
A9: 2025-01 | B9: organic_search | C9: mobile | D9: 1232 | E9: 35 | F9: 1846.77
A10: 2025-01 | B10: organic_search | C10: tablet | D10: 226 | E10: 6 | F10: 351.72
A11: 2025-01 | B11: paid_search | C11: desktop | D11: 937 | E11: 82 | F11: 5011.77
A12: 2025-01 | B12: paid_search | C12: mobile | D12: 695 | E12: 23 | F12: 1255.11
A13: 2025-01 | B13: paid_search | C13: tablet | D13: 134 | E13: 7 | F13: 447.6
... A325: 2026-06 | B325: social | C325: tablet | D325: 108 | E325: 2 | F325: 135.87

Sheet Monthly
A1: Month | B1: Visitors | C1: Purchases | D1: Conversion | E1: New revenue | F1: Renewal revenue | G1: Total revenue | H1: Renewals | I1: Active subscribers (end of month)
A2: 2025-01 | B2: =SUMIFS(Data!$D$2:$D$325,Data!$A$2:$A$325,A2) -> 7971 | C2: =SUMIFS(Data!$E$2:$E$325,Data!$A$2:$A$325,A2) -> 389 | D2: =IFERROR(C2/B2,0) -> 0.048801907 | E2: =SUMIFS(Data!$F$2:$F$325,Data!$A$2:$A$325,A2) -> 23883.72 | F2: 0 | G2: =E2+F2 -> 23883.72 | H2: 0 | I2: 389
A3: 2025-02 | B3: =SUMIFS(Data!$D$2:$D$325,Data!$A$2:$A$325,A3) -> 7425 | C3: =SUMIFS(Data!$E$2:$E$325,Data!$A$2:$A$325,A3) -> 363 | D3: =IFERROR(C3/B3,0) -> 0.048888889 | E3: =SUMIFS(Data!$F$2:$F$325,Data!$A$2:$A$325,A3) -> 23458.77 | F3: 6118.47 | G3: =E3+F3 -> 29577.24 | H3: 153 | I3: 664
A4: 2025-03 | B4: =SUMIFS(Data!$D$2:$D$325,Data!$A$2:$A$325,A4) -> 8318 | C4: =SUMIFS(Data!$E$2:$E$325,Data!$A$2:$A$325,A4) -> 376 | D4: =IFERROR(C4/B4,0) -> 0.045203174 | E4: =SUMIFS(Data!$F$2:$F$325,Data!$A$2:$A$325,A4) -> 23810.97 | F4: 10677.33 | G4: =E4+F4 -> 34488.3 | H4: 267 | I4: 952
A5: 2025-04 | B5: =SUMIFS(Data!$D$2:$D$325,Data!$A$2:$A$325,A5) -> 8586 | C5: =SUMIFS(Data!$E$2:$E$325,Data!$A$2:$A$325,A5) -> 383 | D5: =IFERROR(C5/B5,0) -> 0.044607501 | E5: =SUMIFS(Data!$F$2:$F$325,Data!$A$2:$A$325,A5) -> 23252.55 | F5: 14836.29 | G5: =E5+F5 -> 38088.84 | H5: 371 | I5: 1220
A6: 2025-05 | B6: =SUMIFS(Data!$D$2:$D$325,Data!$A$2:$A$325,A6) -> 8851 | C6: =SUMIFS(Data!$E$2:$E$325,Data!$A$2:$A$325,A6) -> 421 | D6: =IFERROR(C6/B6,0) -> 0.047565247 | E6: =SUMIFS(Data!$F$2:$F$325,Data!$A$2:$A$325,A6) -> 26113.53 | F6: 18955.26 | G6: =E6+F6 -> 45068.79 | H6: 474 | I6: 1503
A7: 2025-06 | B7: =SUMIFS(Data!$D$2:$D$325,Data!$A$2:$A$325,A7) -> 8895 | C7: =SUMIFS(Data!$E$2:$E$325,Data!$A$2:$A$325,A7) -> 393 | D7: =IFERROR(C7/B7,0) -> 0.044182125 | E7: =SUMIFS(Data!$F$2:$F$325,Data!$A$2:$A$325,A7) -> 23708.34 | F7: 22274.43 | G7: =E7+F7 -> 45982.77 | H7: 557 | I7: 1723
A8: 2025-07 | B8: =SUMIFS(Data!$D$2:$D$325,Data!$A$2:$A$325,A8) -> 9633 | C8: =SUMIFS(Data!$E$2:$E$325,Data!$A$2:$A$325,A8) -> 465 | D8: =IFERROR(C8/B8,0) -> 0.048271566 | E8: =SUMIFS(Data!$F$2:$F$325,Data!$A$2:$A$325,A8) -> 29438.01 | F8: 25113.72 | G8: =E8+F8 -> 54551.73 | H8: 628 | I8: 2011
A9: 2025-08 | B9: =SUMIFS(Data!$D$2:$D$325,Data!$A$2:$A$325,A9) -> 9757 | C9: =SUMIFS(Data!$E$2:$E$325,Data!$A$2:$A$325,A9) -> 438 | D9: =IFERROR(C9/B9,0) -> 0.044890848 | E9: =SUMIFS(Data!$F$2:$F$325,Data!$A$2:$A$325,A9) -> 26849.25 | F9: 29752.56 | G9: =E9+F9 -> 56601.81 | H9: 744 | I9: 2292
A10: 2025-09 | B10: =SUMIFS(Data!$D$2:$D$325,Data!$A$2:$A$325,A10) -> 9895 | C10: =SUMIFS(Data!$E$2:$E$325,Data!$A$2:$A$325,A10) -> 474 | D10: =IFERROR(C10/B10,0) -> 0.047902981 | E10: =SUMIFS(Data!$F$2:$F$325,Data!$A$2:$A$325,A10) -> 28736.01 | F10: 33471.63 | G10: =E10+F10 -> 62207.64 | H10: 837 | I10: 2589
A11: 2025-10 | B11: =SUMIFS(Data!$D$2:$D$325,Data!$A$2:$A$325,A11) -> 10522 | C11: =SUMIFS(Data!$E$2:$E$325,Data!$A$2:$A$325,A11) -> 475 | D11: =IFERROR(C11/B11,0) -> 0.045143509 | E11: =SUMIFS(Data!$F$2:$F$325,Data!$A$2:$A$325,A11) -> 29279.01 | F11: 38150.46 | G11: =E11+F11 -> 67429.47 | H11: 954 | I11: 2881
A12: 2025-11 | B12: =SUMIFS(Data!$D$2:$D$325,Data!$A$2:$A$325,A12) -> 10046 | C12: =SUMIFS(Data!$E$2:$E$325,Data!$A$2:$A$325,A12) -> 447 | D12: =IFERROR(C12/B12,0) -> 0.044495322 | E12: =SUMIFS(Data!$F$2:$F$325,Data!$A$2:$A$325,A12) -> 28271.07 | F12: 41949.51 | G12: =E12+F12 -> 70220.58 | H12: 1049 | I12: 3134
A13: 2025-12 | B13: =SUMIFS(Data!$D$2:$D$325,Data!$A$2:$A$325,A13) -> 11033 | C13: =SUMIFS(Data!$E$2:$E$325,Data!$A$2:$A$325,A13) -> 522 | D13: =IFERROR(C13/B13,0) -> 0.047312608 | E13: =SUMIFS(Data!$F$2:$F$325,Data!$A$2:$A$325,A13) -> 32052.78 | F13: 44108.97 | G13: =E13+F13 -> 76161.75 | H13: 1103 | I13: 3448
... A19: 2026-06 | B19: =SUMIFS(Data!$D$2:$D$325,Data!$A$2:$A$325,A19) -> 12189 | C19: =SUMIFS(Data!$E$2:$E$325,Data!$A$2:$A$325,A19) -> 598 | D19: =IFERROR(C19/B19,0) -> 0.049060628 | E19: =SUMIFS(Data!$F$2:$F$325,Data!$A$2:$A$325,A19) -> 36768.72 | F19: 74750.01 | G19: =E19+F19 -> 111518.73 | H19: 1763 | I19: 4966
A21: Renewal revenue, renewals and active subscribers are loaded from the billing system by build_report.py.

Sheet Data Quality
A1: Month | B1: Billed new subs | C1: Purchase events | D1: Missing user_id | E1: Duplicate events | F1: Event vs billing gap | G1: Status | I1: Gap tolerance | J1: 0.03
F2: =IFERROR(C2/B2-1,0) -> 0 | G2: =IF(OR(D2>0,ABS(F2)>$J$1),"CHECK","OK") -> OK | I2: Status is CHECK when any user_id is missing or the gap exceeds the tolerance.
A3: 2025-01 | B3: 389 | C3: 388 | D3: 0 | E3: 6 | F3: =IFERROR(C3/B3-1,0) -> -0.0025706941 | G3: =IF(OR(D3>0,ABS(F3)>$J$1),"CHECK","OK") -> OK
A4: 2025-02 | B4: 362 | C4: 360 | D4: 0 | E4: 8 | F4: =IFERROR(C4/B4-1,0) -> -0.0055248619 | G4: =IF(OR(D4>0,ABS(F4)>$J$1),"CHECK","OK") -> OK
A5: 2025-03 | B5: 377 | C5: 370 | D5: 0 | E5: 8 | F5: =IFERROR(C5/B5-1,0) -> -0.018567639 | G5: =IF(OR(D5>0,ABS(F5)>$J$1),"CHECK","OK") -> OK
A6: 2025-04 | B6: 383 | C6: 379 | D6: 0 | E6: 8 | F6: =IFERROR(C6/B6-1,0) -> -0.010443864 | G6: =IF(OR(D6>0,ABS(F6)>$J$1),"CHECK","OK") -> OK
A7: 2025-05 | B7: 421 | C7: 414 | D7: 0 | E7: 6 | F7: =IFERROR(C7/B7-1,0) -> -0.016627078 | G7: =IF(OR(D7>0,ABS(F7)>$J$1),"CHECK","OK") -> OK
A8: 2025-06 | B8: 392 | C8: 393 | D8: 0 | E8: 6 | F8: =IFERROR(C8/B8-1,0) -> 0.0025510204 | G8: =IF(OR(D8>0,ABS(F8)>$J$1),"CHECK","OK") -> OK
A9: 2025-07 | B9: 466 | C9: 470 | D9: 0 | E9: 14 | F9: =IFERROR(C9/B9-1,0) -> 0.008583691 | G9: =IF(OR(D9>0,ABS(F9)>$J$1),"CHECK","OK") -> OK
A10: 2025-08 | B10: 437 | C10: 434 | D10: 0 | E10: 10 | F10: =IFERROR(C10/B10-1,0) -> -0.0068649886 | G10: =IF(OR(D10>0,ABS(F10)>$J$1),"CHECK","OK") -> OK
A11: 2025-09 | B11: 475 | C11: 476 | D11: 0 | E11: 14 | F11: =IFERROR(C11/B11-1,0) -> 0.0021052632 | G11: =IF(OR(D11>0,ABS(F11)>$J$1),"CHECK","OK") -> OK
A12: 2025-10 | B12: 474 | C12: 478 | D12: 0 | E12: 18 | F12: =IFERROR(C12/B12-1,0) -> 0.0084388186 | G12: =IF(OR(D12>0,ABS(F12)>$J$1),"CHECK","OK") -> OK
A13: 2025-11 | B13: 448 | C13: 445 | D13: 0 | E13: 7 | F13: =IFERROR(C13/B13-1,0) -> -0.0066964286 | G13: =IF(OR(D13>0,ABS(F13)>$J$1),"CHECK","OK") -> OK
A14: 2025-12 | B14: 522 | C14: 533 | D14: 0 | E14: 14 | F14: =IFERROR(C14/B14-1,0) -> 0.021072797 | G14: =IF(OR(D14>0,ABS(F14)>$J$1),"CHECK","OK") -> OK
... A19: 2026-05 | B19: 602 | C19: 607 | D19: 41 | E19: 14 | F19: =IFERROR(C19/B19-1,0) -> 0.0083056478 | G19: =IF(OR(D19>0,ABS(F19)>$J$1),"CHECK","OK") -> CHECK
A20: 2026-06 | B20: 598 | C20: 607 | D20: 0 | E20: 24

Sheet About
A1: About this report
A2: Generated by build_report.py from the FormWise database (made-up company, simulated data).
A3: Purchases and revenue come from billing data, not front-end events, because the purchase event has known gaps.
A4: Visitors and purchases are grouped by the month of the visitor's first visit; renewal revenue by payment month.
A5: Every KPI is a formula. Change 'Report month' on the KPI Summary sheet to update all figures.
A6: Data Quality flags months where purchase tracking disagrees with billing beyond the tolerance.
